<?xml version="1.0" encoding="UTF-8"?><rss version="2.0"><channel><title>Gigantes de Aguascalientes</title><description/><link>https://hektor.mx/</link><item><title>Gigantes de Aguascalientes, el primer equipo de voleibol profesional en el estado</title><link>https://hektor.mx/blog/presentacion-oficial-gigantes-aguascalientes/</link><guid isPermaLink="true">https://hektor.mx/blog/presentacion-oficial-gigantes-aguascalientes/</guid><description>Presentación oficial de las 16 jugadoras y el cuerpo técnico que integran el equipo Gigantes de Aguascalientes, el primer equipo profesional de voleibol femenil en la historia del estado</description><pubDate>Wed, 14 Jan 2026 06:00:00 GMT</pubDate></item></channel></rss>