[
  {
    "posicion": 1,
    "equipo": "Gigantes",
    "logo": "gigantes",
    "pj": 5,
    "g": 4,
    "p": 1,
    "sf": 35,
    "sc": 8,
    "pts": 10
  },
  {
    "posicion": 2,
    "equipo": "Freseras",
    "logo": "freseras",
    "pj": 5,
    "g": 4,
    "p": 1,
    "sf": 32,
    "sc": 12,
    "pts": 9
  },
  {
    "posicion": 3,
    "equipo": "Guerreras de Puebla",
    "logo": "guerreras_de_puebla",
    "pj": 5,
    "g": 3,
    "p": 2,
    "sf": 28,
    "sc": 18,
    "pts": 8
  },
  {
    "posicion": 4,
    "equipo": "Leonas",
    "logo": "leonas",
    "pj": 5,
    "g": 3,
    "p": 2,
    "sf": 25,
    "sc": 20,
    "pts": 7
  },
  {
    "posicion": 5,
    "equipo": "Coronelas de Durango",
    "logo": "coronelas_de_durango",
    "pj": 5,
    "g": 2,
    "p": 3,
    "sf": 20,
    "sc": 22,
    "pts": 6
  },
  {
    "posicion": 6,
    "equipo": "Tapatías Club",
    "logo": "tapatias_club",
    "pj": 5,
    "g": 1,
    "p": 4,
    "sf": 15,
    "sc": 28,
    "pts": 4
  }
]
